Location,Location Name,Location - RegionId,Indicator,Indicator Name,Indicator - Reference Name,Measure,Measure Name,Measure - Units,Scale,Units,2012,2013,2014,2015,2016,2017,2018,2019,2020,2021
0400000US53,Washington,US_WA,S1701_C01_013,White alone,RACE AND HISPANIC OR LATINO ORIGIN!!White alone,KN.M2,"Total, Estimate",Number,units,Number,,,,5337326,5375909,5406760,5453427,5487064,,5376534
0400000US53,Washington,US_WA,S1701_C01_014,Black or African American alone,RACE AND HISPANIC OR LATINO ORIGIN!!Black or African American alone,KN.M2,"Total, Estimate",Number,units,Number,,,,243229,247117,251919,260301,271285,,283133
0400000US53,Washington,US_WA,S1701_C01_015,American Indian and Alaska Native alone,RACE AND HISPANIC OR LATINO ORIGIN!!American Indian and Alaska Native alone,KN.M2,"Total, Estimate",Number,units,Number,,,,89799,90658,91418,91587,90822,,86925
0400000US53,Washington,US_WA,S1701_C01_016,Asian alone,RACE AND HISPANIC OR LATINO ORIGIN!!Asian alone,KN.M2,"Total, Estimate",Number,units,Number,,,,527754,543757,570724,598484,621384,,672039
0400000US53,Washington,US_WA,S1701_C01_017,Native Hawaiian and Other Pacific Islander alone,RACE AND HISPANIC OR LATINO ORIGIN!!Native Hawaiian and Other Pacific Islander alone,KN.M2,"Total, Estimate",Number,units,Number,,,,43249,43880,45057,46947,47985,,49691
0400000US53,Washington,US_WA,S1701_C01_020,Hispanic or Latino origin (of any race),Hispanic or Latino origin (of any race),KN.M2,"Total, Estimate",Number,units,Number,738683,767112,793799,819130,837872,865738,894865,919516,,987113
0500000US53001,Adams County,US_WA001,S1701_C01_013,White alone,RACE AND HISPANIC OR LATINO ORIGIN!!White alone,KN.M2,"Total, Estimate",Number,units,Number,,,,12663,13352,13318,13289,12561,11485,10774
0500000US53001,Adams County,US_WA001,S1701_C01_014,Black or African American alone,RACE AND HISPANIC OR LATINO ORIGIN!!Black or African American alone,KN.M2,"Total, Estimate",Number,units,Number,,,,27,94,105,142,187,182,57
0500000US53001,Adams County,US_WA001,S1701_C01_015,American Indian and Alaska Native alone,RACE AND HISPANIC OR LATINO ORIGIN!!American Indian and Alaska Native alone,KN.M2,"Total, Estimate",Number,units,Number,,,,82,342,556,715,796,702,464
0500000US53001,Adams County,US_WA001,S1701_C01_016,Asian alone,RACE AND HISPANIC OR LATINO ORIGIN!!Asian alone,KN.M2,"Total, Estimate",Number,units,Number,,,,169,133,198,171,137,113,138
0500000US53001,Adams County,US_WA001,S1701_C01_017,Native Hawaiian and Other Pacific Islander alone,RACE AND HISPANIC OR LATINO ORIGIN!!Native Hawaiian and Other Pacific Islander alone,KN.M2,"Total, Estimate",Number,units,Number,,,,24,45,0,0,41,85,80
0500000US53001,Adams County,US_WA001,S1701_C01_020,Hispanic or Latino origin (of any race),Hispanic or Latino origin (of any race),KN.M2,"Total, Estimate",Number,units,Number,10926,11216,11457,11704,11793,11956,12182,12406,12552,13099
0500000US53003,Asotin County,US_WA003,S1701_C01_013,White alone,RACE AND HISPANIC OR LATINO ORIGIN!!White alone,KN.M2,"Total, Estimate",Number,units,Number,,,,20360,20491,20460,20447,20492,20622,20068
0500000US53003,Asotin County,US_WA003,S1701_C01_014,Black or African American alone,RACE AND HISPANIC OR LATINO ORIGIN!!Black or African American alone,KN.M2,"Total, Estimate",Number,units,Number,,,,57,24,74,74,91,109,202
0500000US53003,Asotin County,US_WA003,S1701_C01_015,American Indian and Alaska Native alone,RACE AND HISPANIC OR LATINO ORIGIN!!American Indian and Alaska Native alone,KN.M2,"Total, Estimate",Number,units,Number,,,,265,235,355,289,252,241,286
0500000US53003,Asotin County,US_WA003,S1701_C01_016,Asian alone,RACE AND HISPANIC OR LATINO ORIGIN!!Asian alone,KN.M2,"Total, Estimate",Number,units,Number,,,,193,199,205,196,192,234,262
0500000US53003,Asotin County,US_WA003,S1701_C01_017,Native Hawaiian and Other Pacific Islander alone,RACE AND HISPANIC OR LATINO ORIGIN!!Native Hawaiian and Other Pacific Islander alone,KN.M2,"Total, Estimate",Number,units,Number,,,,61,11,26,31,48,63,37
0500000US53003,Asotin County,US_WA003,S1701_C01_020,Hispanic or Latino origin (of any race),Hispanic or Latino origin (of any race),KN.M2,"Total, Estimate",Number,units,Number,633,665,700,781,788,809,850,897,958,1003
0500000US53005,Benton County,US_WA005,S1701_C01_013,White alone,RACE AND HISPANIC OR LATINO ORIGIN!!White alone,KN.M2,"Total, Estimate",Number,units,Number,,,,146886,149444,151766,156919,160782,160520,158251
0500000US53005,Benton County,US_WA005,S1701_C01_014,Black or African American alone,RACE AND HISPANIC OR LATINO ORIGIN!!Black or African American alone,KN.M2,"Total, Estimate",Number,units,Number,,,,2617,2523,2775,3007,3042,3339,3412
0500000US53005,Benton County,US_WA005,S1701_C01_015,American Indian and Alaska Native alone,RACE AND HISPANIC OR LATINO ORIGIN!!American Indian and Alaska Native alone,KN.M2,"Total, Estimate",Number,units,Number,,,,1355,1306,1453,1313,1509,1751,1737
0500000US53005,Benton County,US_WA005,S1701_C01_016,Asian alone,RACE AND HISPANIC OR LATINO ORIGIN!!Asian alone,KN.M2,"Total, Estimate",Number,units,Number,,,,4837,4391,4845,4990,5047,5647,6096
0500000US53005,Benton County,US_WA005,S1701_C01_017,Native Hawaiian and Other Pacific Islander alone,RACE AND HISPANIC OR LATINO ORIGIN!!Native Hawaiian and Other Pacific Islander alone,KN.M2,"Total, Estimate",Number,units,Number,,,,190,201,173,145,141,177,271
0500000US53005,Benton County,US_WA005,S1701_C01_020,Hispanic or Latino origin (of any race),Hispanic or Latino origin (of any race),KN.M2,"Total, Estimate",Number,units,Number,31923,33417,35028,36472,37783,39412,40975,42517,44255,46357
0500000US53035,Kitsap County,US_WA035,S1701_C01_013,White alone,RACE AND HISPANIC OR LATINO ORIGIN!!White alone,KN.M2,"Total, Estimate",Number,units,Number,,,,203145,204963,205637,207478,208481,208059,209226
0500000US53035,Kitsap County,US_WA035,S1701_C01_014,Black or African American alone,RACE AND HISPANIC OR LATINO ORIGIN!!Black or African American alone,KN.M2,"Total, Estimate",Number,units,Number,,,,5863,5588,6125,6131,6628,6680,7212
0500000US53035,Kitsap County,US_WA035,S1701_C01_015,American Indian and Alaska Native alone,RACE AND HISPANIC OR LATINO ORIGIN!!American Indian and Alaska Native alone,KN.M2,"Total, Estimate",Number,units,Number,,,,3038,2884,2733,2568,2434,2539,2640
0500000US53035,Kitsap County,US_WA035,S1701_C01_016,Asian alone,RACE AND HISPANIC OR LATINO ORIGIN!!Asian alone,KN.M2,"Total, Estimate",Number,units,Number,,,,11958,11730,12368,12490,12692,12986,13234
0500000US53035,Kitsap County,US_WA035,S1701_C01_017,Native Hawaiian and Other Pacific Islander alone,RACE AND HISPANIC OR LATINO ORIGIN!!Native Hawaiian and Other Pacific Islander alone,KN.M2,"Total, Estimate",Number,units,Number,,,,1989,2008,2045,2106,2131,2384,2577
0500000US53035,Kitsap County,US_WA035,S1701_C01_020,Hispanic or Latino origin (of any race),Hispanic or Latino origin (of any race),KN.M2,"Total, Estimate",Number,units,Number,15133,15890,16697,17469,17702,18271,19045,19669,20471,21413
0500000US53033,King County,US_WA033,S1701_C01_013,White alone,RACE AND HISPANIC OR LATINO ORIGIN!!White alone,KN.M2,"Total, Estimate",Number,units,Number,,,,1375306,1380382,1385710,1387695,1387143,1365751,1339368
0500000US53033,King County,US_WA033,S1701_C01_014,Black or African American alone,RACE AND HISPANIC OR LATINO ORIGIN!!Black or African American alone,KN.M2,"Total, Estimate",Number,units,Number,,,,124425,125512,128269,133764,139201,142665,141956
0500000US53033,King County,US_WA033,S1701_C01_015,American Indian and Alaska Native alone,RACE AND HISPANIC OR LATINO ORIGIN!!American Indian and Alaska Native alone,KN.M2,"Total, Estimate",Number,units,Number,,,,14764,14064,13769,13132,12514,13028,13078
0500000US53033,King County,US_WA033,S1701_C01_016,Asian alone,RACE AND HISPANIC OR LATINO ORIGIN!!Asian alone,KN.M2,"Total, Estimate",Number,units,Number,,,,314582,327956,346410,366152,381217,402700,414791
0500000US53033,King County,US_WA033,S1701_C01_017,Native Hawaiian and Other Pacific Islander alone,RACE AND HISPANIC OR LATINO ORIGIN!!Native Hawaiian and Other Pacific Islander alone,KN.M2,"Total, Estimate",Number,units,Number,,,,15798,15933,16188,16449,16680,16696,16134
0500000US53033,King County,US_WA033,S1701_C01_020,Hispanic or Latino origin (of any race),Hispanic or Latino origin (of any race),KN.M2,"Total, Estimate",Number,units,Number,168813,175260,181124,186716,191102,197507,203905,209087,215039,220773
0500000US53031,Jefferson County,US_WA031,S1701_C01_013,White alone,RACE AND HISPANIC OR LATINO ORIGIN!!White alone,KN.M2,"Total, Estimate",Number,units,Number,,,,26658,27102,27347,27716,27944,28172,28641
0500000US53031,Jefferson County,US_WA031,S1701_C01_014,Black or African American alone,RACE AND HISPANIC OR LATINO ORIGIN!!Black or African American alone,KN.M2,"Total, Estimate",Number,units,Number,,,,154,190,87,158,100,125,161
0500000US53031,Jefferson County,US_WA031,S1701_C01_015,American Indian and Alaska Native alone,RACE AND HISPANIC OR LATINO ORIGIN!!American Indian and Alaska Native alone,KN.M2,"Total, Estimate",Number,units,Number,,,,709,550,551,610,587,486,477
0500000US53031,Jefferson County,US_WA031,S1701_C01_016,Asian alone,RACE AND HISPANIC OR LATINO ORIGIN!!Asian alone,KN.M2,"Total, Estimate",Number,units,Number,,,,473,455,524,511,473,485,474
0500000US53031,Jefferson County,US_WA031,S1701_C01_017,Native Hawaiian and Other Pacific Islander alone,RACE AND HISPANIC OR LATINO ORIGIN!!Native Hawaiian and Other Pacific Islander alone,KN.M2,"Total, Estimate",Number,units,Number,,,,13,10,68,30,44,19,165
0500000US53031,Jefferson County,US_WA031,S1701_C01_020,Hispanic or Latino origin (of any race),Hispanic or Latino origin (of any race),KN.M2,"Total, Estimate",Number,units,Number,810,840,889,957,938,934,991,1047,1133,1203
0500000US53029,Island County,US_WA029,S1701_C01_013,White alone,RACE AND HISPANIC OR LATINO ORIGIN!!White alone,KN.M2,"Total, Estimate",Number,units,Number,,,,65676,66668,66163,67438,68063,68199,68942
0500000US53029,Island County,US_WA029,S1701_C01_014,Black or African American alone,RACE AND HISPANIC OR LATINO ORIGIN!!Black or African American alone,KN.M2,"Total, Estimate",Number,units,Number,,,,2080,2148,2255,2231,2157,1920,2009
0500000US53029,Island County,US_WA029,S1701_C01_015,American Indian and Alaska Native alone,RACE AND HISPANIC OR LATINO ORIGIN!!American Indian and Alaska Native alone,KN.M2,"Total, Estimate",Number,units,Number,,,,754,830,972,850,840,906,759
0500000US53029,Island County,US_WA029,S1701_C01_016,Asian alone,RACE AND HISPANIC OR LATINO ORIGIN!!Asian alone,KN.M2,"Total, Estimate",Number,units,Number,,,,3644,3555,3599,3708,3998,3868,3872
0500000US53029,Island County,US_WA029,S1701_C01_017,Native Hawaiian and Other Pacific Islander alone,RACE AND HISPANIC OR LATINO ORIGIN!!Native Hawaiian and Other Pacific Islander alone,KN.M2,"Total, Estimate",Number,units,Number,,,,398,374,278,298,316,327,325
0500000US53029,Island County,US_WA029,S1701_C01_020,Hispanic or Latino origin (of any race),Hispanic or Latino origin (of any race),KN.M2,"Total, Estimate",Number,units,Number,4368,4571,4796,4993,5100,5344,5739,5988,6423,6359
0500000US53027,Grays Harbor County,US_WA027,S1701_C01_013,White alone,RACE AND HISPANIC OR LATINO ORIGIN!!White alone,KN.M2,"Total, Estimate",Number,units,Number,,,,60036,60261,60589,60994,61394,61309,61114
0500000US53027,Grays Harbor County,US_WA027,S1701_C01_014,Black or African American alone,RACE AND HISPANIC OR LATINO ORIGIN!!Black or African American alone,KN.M2,"Total, Estimate",Number,units,Number,,,,401,246,149,238,300,251,299
0500000US53027,Grays Harbor County,US_WA027,S1701_C01_015,American Indian and Alaska Native alone,RACE AND HISPANIC OR LATINO ORIGIN!!American Indian and Alaska Native alone,KN.M2,"Total, Estimate",Number,units,Number,,,,3044,3205,3262,3094,2975,2957,2586
0500000US53027,Grays Harbor County,US_WA027,S1701_C01_016,Asian alone,RACE AND HISPANIC OR LATINO ORIGIN!!Asian alone,KN.M2,"Total, Estimate",Number,units,Number,,,,1034,1069,1037,1014,1036,939,935
0500000US53027,Grays Harbor County,US_WA027,S1701_C01_017,Native Hawaiian and Other Pacific Islander alone,RACE AND HISPANIC OR LATINO ORIGIN!!Native Hawaiian and Other Pacific Islander alone,KN.M2,"Total, Estimate",Number,units,Number,,,,253,236,207,197,187,180,196
0500000US53027,Grays Harbor County,US_WA027,S1701_C01_020,Hispanic or Latino origin (of any race),Hispanic or Latino origin (of any race),KN.M2,"Total, Estimate",Number,units,Number,5966,6153,6248,6507,6509,6701,6791,6911,7296,7627
0500000US53025,Grant County,US_WA025,S1701_C01_013,White alone,RACE AND HISPANIC OR LATINO ORIGIN!!White alone,KN.M2,"Total, Estimate",Number,units,Number,,,,64515,64500,64132,66043,64946,62632,61589
0500000US53025,Grant County,US_WA025,S1701_C01_014,Black or African American alone,RACE AND HISPANIC OR LATINO ORIGIN!!Black or African American alone,KN.M2,"Total, Estimate",Number,units,Number,,,,657,638,622,642,798,994,960
0500000US53025,Grant County,US_WA025,S1701_C01_015,American Indian and Alaska Native alone,RACE AND HISPANIC OR LATINO ORIGIN!!American Indian and Alaska Native alone,KN.M2,"Total, Estimate",Number,units,Number,,,,1042,1009,1112,1090,1116,1295,1566
0500000US53025,Grant County,US_WA025,S1701_C01_016,Asian alone,RACE AND HISPANIC OR LATINO ORIGIN!!Asian alone,KN.M2,"Total, Estimate",Number,units,Number,,,,923,908,1007,958,923,895,959
0500000US53025,Grant County,US_WA025,S1701_C01_017,Native Hawaiian and Other Pacific Islander alone,RACE AND HISPANIC OR LATINO ORIGIN!!Native Hawaiian and Other Pacific Islander alone,KN.M2,"Total, Estimate",Number,units,Number,,,,61,59,54,50,28,0,5
0500000US53025,Grant County,US_WA025,S1701_C01_020,Hispanic or Latino origin (of any race),Hispanic or Latino origin (of any race),KN.M2,"Total, Estimate",Number,units,Number,33576,34592,35637,36371,37057,37929,39015,39457,40302,41325
0500000US53023,Garfield County,US_WA023,S1701_C01_013,White alone,RACE AND HISPANIC OR LATINO ORIGIN!!White alone,KN.M2,"Total, Estimate",Number,units,Number,,,,2143,2107,2073,2017,2013,2009,2094
0500000US53023,Garfield County,US_WA023,S1701_C01_014,Black or African American alone,RACE AND HISPANIC OR LATINO ORIGIN!!Black or African American alone,KN.M2,"Total, Estimate",Number,units,Number,,,,0,0,0,0,0,0,0
0500000US53023,Garfield County,US_WA023,S1701_C01_015,American Indian and Alaska Native alone,RACE AND HISPANIC OR LATINO ORIGIN!!American Indian and Alaska Native alone,KN.M2,"Total, Estimate",Number,units,Number,,,,3,7,5,9,0,0,0
0500000US53023,Garfield County,US_WA023,S1701_C01_016,Asian alone,RACE AND HISPANIC OR LATINO ORIGIN!!Asian alone,KN.M2,"Total, Estimate",Number,units,Number,,,,27,19,40,71,71,91,58
0500000US53023,Garfield County,US_WA023,S1701_C01_017,Native Hawaiian and Other Pacific Islander alone,RACE AND HISPANIC OR LATINO ORIGIN!!Native Hawaiian and Other Pacific Islander alone,KN.M2,"Total, Estimate",Number,units,Number,,,,0,0,0,0,0,0,0
0500000US53023,Garfield County,US_WA023,S1701_C01_020,Hispanic or Latino origin (of any race),Hispanic or Latino origin (of any race),KN.M2,"Total, Estimate",Number,units,Number,55,69,116,75,74,53,47,42,31,42
0500000US53021,Franklin County,US_WA021,S1701_C01_013,White alone,RACE AND HISPANIC OR LATINO ORIGIN!!White alone,KN.M2,"Total, Estimate",Number,units,Number,,,,58891,60232,62427,62553,63444,58571,57630
0500000US53021,Franklin County,US_WA021,S1701_C01_014,Black or African American alone,RACE AND HISPANIC OR LATINO ORIGIN!!Black or African American alone,KN.M2,"Total, Estimate",Number,units,Number,,,,1461,1752,1814,1800,1699,1869,2029
0500000US53021,Franklin County,US_WA021,S1701_C01_015,American Indian and Alaska Native alone,RACE AND HISPANIC OR LATINO ORIGIN!!American Indian and Alaska Native alone,KN.M2,"Total, Estimate",Number,units,Number,,,,234,291,552,833,1103,1136,1300
0500000US53021,Franklin County,US_WA021,S1701_C01_016,Asian alone,RACE AND HISPANIC OR LATINO ORIGIN!!Asian alone,KN.M2,"Total, Estimate",Number,units,Number,,,,1806,1738,1914,2030,1899,1847,1798
0500000US53021,Franklin County,US_WA021,S1701_C01_017,Native Hawaiian and Other Pacific Islander alone,RACE AND HISPANIC OR LATINO ORIGIN!!Native Hawaiian and Other Pacific Islander alone,KN.M2,"Total, Estimate",Number,units,Number,,,,30,81,138,158,195,180,188
0500000US53021,Franklin County,US_WA021,S1701_C01_020,Hispanic or Latino origin (of any race),Hispanic or Latino origin (of any race),KN.M2,"Total, Estimate",Number,units,Number,39791,41395,42845,44034,45196,46266,47237,48212,48823,50042
0500000US53019,Ferry County,US_WA019,S1701_C01_013,White alone,RACE AND HISPANIC OR LATINO ORIGIN!!White alone,KN.M2,"Total, Estimate",Number,units,Number,,,,5756,5747,5688,5695,5734,5840,5209
0500000US53019,Ferry County,US_WA019,S1701_C01_014,Black or African American alone,RACE AND HISPANIC OR LATINO ORIGIN!!Black or African American alone,KN.M2,"Total, Estimate",Number,units,Number,,,,13,5,2,0,0,3,6
0500000US53019,Ferry County,US_WA019,S1701_C01_015,American Indian and Alaska Native alone,RACE AND HISPANIC OR LATINO ORIGIN!!American Indian and Alaska Native alone,KN.M2,"Total, Estimate",Number,units,Number,,,,1189,1168,1078,1012,993,1047,1128
0500000US53019,Ferry County,US_WA019,S1701_C01_016,Asian alone,RACE AND HISPANIC OR LATINO ORIGIN!!Asian alone,KN.M2,"Total, Estimate",Number,units,Number,,,,10,61,72,77,52,34,13
0500000US53019,Ferry County,US_WA019,S1701_C01_017,Native Hawaiian and Other Pacific Islander alone,RACE AND HISPANIC OR LATINO ORIGIN!!Native Hawaiian and Other Pacific Islander alone,KN.M2,"Total, Estimate",Number,units,Number,,,,48,49,50,14,20,16,36
0500000US53019,Ferry County,US_WA019,S1701_C01_020,Hispanic or Latino origin (of any race),Hispanic or Latino origin (of any race),KN.M2,"Total, Estimate",Number,units,Number,241,250,262,305,312,323,345,350,361,76
0500000US53017,Douglas County,US_WA017,S1701_C01_013,White alone,RACE AND HISPANIC OR LATINO ORIGIN!!White alone,KN.M2,"Total, Estimate",Number,units,Number,,,,28870,28728,28735,28823,29002,28587,28118
0500000US53017,Douglas County,US_WA017,S1701_C01_014,Black or African American alone,RACE AND HISPANIC OR LATINO ORIGIN!!Black or African American alone,KN.M2,"Total, Estimate",Number,units,Number,,,,132,149,125,154,196,198,227
0500000US53017,Douglas County,US_WA017,S1701_C01_015,American Indian and Alaska Native alone,RACE AND HISPANIC OR LATINO ORIGIN!!American Indian and Alaska Native alone,KN.M2,"Total, Estimate",Number,units,Number,,,,441,390,357,323,299,408,449
0500000US53017,Douglas County,US_WA017,S1701_C01_016,Asian alone,RACE AND HISPANIC OR LATINO ORIGIN!!Asian alone,KN.M2,"Total, Estimate",Number,units,Number,,,,282,313,318,299,297,260,288
0500000US53017,Douglas County,US_WA017,S1701_C01_017,Native Hawaiian and Other Pacific Islander alone,RACE AND HISPANIC OR LATINO ORIGIN!!Native Hawaiian and Other Pacific Islander alone,KN.M2,"Total, Estimate",Number,units,Number,,,,18,55,32,85,112,138,138
0500000US53017,Douglas County,US_WA017,S1701_C01_020,Hispanic or Latino origin (of any race),Hispanic or Latino origin (of any race),KN.M2,"Total, Estimate",Number,units,Number,10820,11217,11537,11826,12172,12518,12917,13261,13518,13827
0500000US53015,Cowlitz County,US_WA015,S1701_C01_013,White alone,RACE AND HISPANIC OR LATINO ORIGIN!!White alone,KN.M2,"Total, Estimate",Number,units,Number,,,,91607,91906,92186,92726,93672,93473,93630
0500000US53015,Cowlitz County,US_WA015,S1701_C01_014,Black or African American alone,RACE AND HISPANIC OR LATINO ORIGIN!!Black or African American alone,KN.M2,"Total, Estimate",Number,units,Number,,,,593,605,784,806,832,1032,961
0500000US53015,Cowlitz County,US_WA015,S1701_C01_015,American Indian and Alaska Native alone,RACE AND HISPANIC OR LATINO ORIGIN!!American Indian and Alaska Native alone,KN.M2,"Total, Estimate",Number,units,Number,,,,1052,1163,1232,1491,1576,1703,1613
0500000US53015,Cowlitz County,US_WA015,S1701_C01_016,Asian alone,RACE AND HISPANIC OR LATINO ORIGIN!!Asian alone,KN.M2,"Total, Estimate",Number,units,Number,,,,1315,1259,1292,1249,1325,1214,1334
0500000US53015,Cowlitz County,US_WA015,S1701_C01_017,Native Hawaiian and Other Pacific Islander alone,RACE AND HISPANIC OR LATINO ORIGIN!!Native Hawaiian and Other Pacific Islander alone,KN.M2,"Total, Estimate",Number,units,Number,,,,181,294,219,306,217,312,277
0500000US53015,Cowlitz County,US_WA015,S1701_C01_020,Hispanic or Latino origin (of any race),Hispanic or Latino origin (of any race),KN.M2,"Total, Estimate",Number,units,Number,7846,8058,8177,8412,8502,8789,9112,9476,9869,10333
0500000US53013,Columbia County,US_WA013,S1701_C01_013,White alone,RACE AND HISPANIC OR LATINO ORIGIN!!White alone,KN.M2,"Total, Estimate",Number,units,Number,,,,3600,3537,3582,3602,3530,3447,3340
0500000US53013,Columbia County,US_WA013,S1701_C01_014,Black or African American alone,RACE AND HISPANIC OR LATINO ORIGIN!!Black or African American alone,KN.M2,"Total, Estimate",Number,units,Number,,,,8,10,16,26,33,53,56
0500000US53013,Columbia County,US_WA013,S1701_C01_015,American Indian and Alaska Native alone,RACE AND HISPANIC OR LATINO ORIGIN!!American Indian and Alaska Native alone,KN.M2,"Total, Estimate",Number,units,Number,,,,21,21,20,0,6,9,7
0500000US53013,Columbia County,US_WA013,S1701_C01_016,Asian alone,RACE AND HISPANIC OR LATINO ORIGIN!!Asian alone,KN.M2,"Total, Estimate",Number,units,Number,,,,22,47,99,98,71,50,0
0500000US53013,Columbia County,US_WA013,S1701_C01_017,Native Hawaiian and Other Pacific Islander alone,RACE AND HISPANIC OR LATINO ORIGIN!!Native Hawaiian and Other Pacific Islander alone,KN.M2,"Total, Estimate",Number,units,Number,,,,37,29,30,38,42,0,0
0500000US53013,Columbia County,US_WA013,S1701_C01_020,Hispanic or Latino origin (of any race),Hispanic or Latino origin (of any race),KN.M2,"Total, Estimate",Number,units,Number,244,251,246,255,270,297,305,307,322,317
0500000US53011,Clark County,US_WA011,S1701_C01_013,White alone,RACE AND HISPANIC OR LATINO ORIGIN!!White alone,KN.M2,"Total, Estimate",Number,units,Number,,,,373331,378571,383426,389669,396802,396999,400784
0500000US53011,Clark County,US_WA011,S1701_C01_014,Black or African American alone,RACE AND HISPANIC OR LATINO ORIGIN!!Black or African American alone,KN.M2,"Total, Estimate",Number,units,Number,,,,8412,8302,8303,7661,8175,8472,8896
0500000US53011,Clark County,US_WA011,S1701_C01_015,American Indian and Alaska Native alone,RACE AND HISPANIC OR LATINO ORIGIN!!American Indian and Alaska Native alone,KN.M2,"Total, Estimate",Number,units,Number,,,,2905,2644,2589,2618,2654,2618,2921
0500000US53011,Clark County,US_WA011,S1701_C01_016,Asian alone,RACE AND HISPANIC OR LATINO ORIGIN!!Asian alone,KN.M2,"Total, Estimate",Number,units,Number,,,,18764,19159,20546,20697,21609,22819,23316
0500000US53011,Clark County,US_WA011,S1701_C01_017,Native Hawaiian and Other Pacific Islander alone,RACE AND HISPANIC OR LATINO ORIGIN!!Native Hawaiian and Other Pacific Islander alone,KN.M2,"Total, Estimate",Number,units,Number,,,,3289,3432,3160,3542,3670,3646,3632
0500000US53011,Clark County,US_WA011,S1701_C01_020,Hispanic or Latino origin (of any race),Hispanic or Latino origin (of any race),KN.M2,"Total, Estimate",Number,units,Number,31882,33538,35000,36942,38592,40704,42760,44891,47428,50784
0500000US53009,Clallam County,US_WA009,S1701_C01_013,White alone,RACE AND HISPANIC OR LATINO ORIGIN!!White alone,KN.M2,"Total, Estimate",Number,units,Number,,,,62806,63432,63592,64619,65167,65398,64418
0500000US53009,Clallam County,US_WA009,S1701_C01_014,Black or African American alone,RACE AND HISPANIC OR LATINO ORIGIN!!Black or African American alone,KN.M2,"Total, Estimate",Number,units,Number,,,,630,707,813,793,784,772,769
0500000US53009,Clallam County,US_WA009,S1701_C01_015,American Indian and Alaska Native alone,RACE AND HISPANIC OR LATINO ORIGIN!!American Indian and Alaska Native alone,KN.M2,"Total, Estimate",Number,units,Number,,,,3358,3357,3301,3439,3619,3670,3095
0500000US53009,Clallam County,US_WA009,S1701_C01_016,Asian alone,RACE AND HISPANIC OR LATINO ORIGIN!!Asian alone,KN.M2,"Total, Estimate",Number,units,Number,,,,1011,1067,1067,1092,1251,1074,1135
0500000US53009,Clallam County,US_WA009,S1701_C01_017,Native Hawaiian and Other Pacific Islander alone,RACE AND HISPANIC OR LATINO ORIGIN!!Native Hawaiian and Other Pacific Islander alone,KN.M2,"Total, Estimate",Number,units,Number,,,,39,39,46,47,21,26,17
0500000US53009,Clallam County,US_WA009,S1701_C01_020,Hispanic or Latino origin (of any race),Hispanic or Latino origin (of any race),KN.M2,"Total, Estimate",Number,units,Number,3416,3629,3833,4058,4210,4362,4588,4741,5086,5325
0500000US53007,Chelan County,US_WA007,S1701_C01_013,White alone,RACE AND HISPANIC OR LATINO ORIGIN!!White alone,KN.M2,"Total, Estimate",Number,units,Number,,,,66263,67105,66365,63909,60490,58043,56224
0500000US53007,Chelan County,US_WA007,S1701_C01_014,Black or African American alone,RACE AND HISPANIC OR LATINO ORIGIN!!Black or African American alone,KN.M2,"Total, Estimate",Number,units,Number,,,,293,333,333,350,483,310,323
0500000US53007,Chelan County,US_WA007,S1701_C01_015,American Indian and Alaska Native alone,RACE AND HISPANIC OR LATINO ORIGIN!!American Indian and Alaska Native alone,KN.M2,"Total, Estimate",Number,units,Number,,,,900,914,729,538,633,359,547
0500000US53007,Chelan County,US_WA007,S1701_C01_016,Asian alone,RACE AND HISPANIC OR LATINO ORIGIN!!Asian alone,KN.M2,"Total, Estimate",Number,units,Number,,,,581,670,740,814,601,624,616
0500000US53007,Chelan County,US_WA007,S1701_C01_017,Native Hawaiian and Other Pacific Islander alone,RACE AND HISPANIC OR LATINO ORIGIN!!Native Hawaiian and Other Pacific Islander alone,KN.M2,"Total, Estimate",Number,units,Number,,,,77,97,99,58,31,32,32
0500000US53007,Chelan County,US_WA007,S1701_C01_020,Hispanic or Latino origin (of any race),Hispanic or Latino origin (of any race),KN.M2,"Total, Estimate",Number,units,Number,18397,19004,19612,20052,20144,20403,20756,20948,21210,22119
0500000US53037,Kittitas County,US_WA037,S1701_C01_013,White alone,RACE AND HISPANIC OR LATINO ORIGIN!!White alone,KN.M2,"Total, Estimate",Number,units,Number,,,,35659,36364,37093,37901,38764,38761,35668
0500000US53037,Kittitas County,US_WA037,S1701_C01_014,Black or African American alone,RACE AND HISPANIC OR LATINO ORIGIN!!Black or African American alone,KN.M2,"Total, Estimate",Number,units,Number,,,,335,414,387,303,371,396,360
0500000US53037,Kittitas County,US_WA037,S1701_C01_015,American Indian and Alaska Native alone,RACE AND HISPANIC OR LATINO ORIGIN!!American Indian and Alaska Native alone,KN.M2,"Total, Estimate",Number,units,Number,,,,305,291,239,280,250,197,174
0500000US53037,Kittitas County,US_WA037,S1701_C01_016,Asian alone,RACE AND HISPANIC OR LATINO ORIGIN!!Asian alone,KN.M2,"Total, Estimate",Number,units,Number,,,,873,734,757,699,651,529,512
0500000US53037,Kittitas County,US_WA037,S1701_C01_017,Native Hawaiian and Other Pacific Islander alone,RACE AND HISPANIC OR LATINO ORIGIN!!Native Hawaiian and Other Pacific Islander alone,KN.M2,"Total, Estimate",Number,units,Number,,,,23,22,52,282,317,254,113
0500000US53037,Kittitas County,US_WA037,S1701_C01_020,Hispanic or Latino origin (of any race),Hispanic or Latino origin (of any race),KN.M2,"Total, Estimate",Number,units,Number,2939,3060,3236,3268,3327,3381,3623,3702,3918,3719
0500000US53039,Klickitat County,US_WA039,S1701_C01_013,White alone,RACE AND HISPANIC OR LATINO ORIGIN!!White alone,KN.M2,"Total, Estimate",Number,units,Number,,,,18843,18976,19185,19522,20099,20156,20087
0500000US53039,Klickitat County,US_WA039,S1701_C01_014,Black or African American alone,RACE AND HISPANIC OR LATINO ORIGIN!!Black or African American alone,KN.M2,"Total, Estimate",Number,units,Number,,,,136,134,51,39,157,252,153
0500000US53039,Klickitat County,US_WA039,S1701_C01_015,American Indian and Alaska Native alone,RACE AND HISPANIC OR LATINO ORIGIN!!American Indian and Alaska Native alone,KN.M2,"Total, Estimate",Number,units,Number,,,,576,560,686,672,548,415,308
0500000US53039,Klickitat County,US_WA039,S1701_C01_016,Asian alone,RACE AND HISPANIC OR LATINO ORIGIN!!Asian alone,KN.M2,"Total, Estimate",Number,units,Number,,,,92,139,146,162,153,132,86
0500000US53039,Klickitat County,US_WA039,S1701_C01_017,Native Hawaiian and Other Pacific Islander alone,RACE AND HISPANIC OR LATINO ORIGIN!!Native Hawaiian and Other Pacific Islander alone,KN.M2,"Total, Estimate",Number,units,Number,,,,49,62,0,3,2,3,4
0500000US53039,Klickitat County,US_WA039,S1701_C01_020,Hispanic or Latino origin (of any race),Hispanic or Latino origin (of any race),KN.M2,"Total, Estimate",Number,units,Number,2145,2215,2316,2488,2516,2562,2581,2597,2629,2692
0500000US53041,Lewis County,US_WA041,S1701_C01_013,White alone,RACE AND HISPANIC OR LATINO ORIGIN!!White alone,KN.M2,"Total, Estimate",Number,units,Number,,,,68344,68756,68503,68834,69307,68783,69249
0500000US53041,Lewis County,US_WA041,S1701_C01_014,Black or African American alone,RACE AND HISPANIC OR LATINO ORIGIN!!Black or African American alone,KN.M2,"Total, Estimate",Number,units,Number,,,,511,536,440,395,337,384,452
0500000US53041,Lewis County,US_WA041,S1701_C01_015,American Indian and Alaska Native alone,RACE AND HISPANIC OR LATINO ORIGIN!!American Indian and Alaska Native alone,KN.M2,"Total, Estimate",Number,units,Number,,,,458,502,453,530,487,450,595
0500000US53041,Lewis County,US_WA041,S1701_C01_016,Asian alone,RACE AND HISPANIC OR LATINO ORIGIN!!Asian alone,KN.M2,"Total, Estimate",Number,units,Number,,,,850,877,957,863,975,833,867
0500000US53041,Lewis County,US_WA041,S1701_C01_017,Native Hawaiian and Other Pacific Islander alone,RACE AND HISPANIC OR LATINO ORIGIN!!Native Hawaiian and Other Pacific Islander alone,KN.M2,"Total, Estimate",Number,units,Number,,,,6,41,106,148,174,151,149
0500000US53041,Lewis County,US_WA041,S1701_C01_020,Hispanic or Latino origin (of any race),Hispanic or Latino origin (of any race),KN.M2,"Total, Estimate",Number,units,Number,6317,6492,6725,6944,7072,7284,7479,7706,8030,8479
0500000US53043,Lincoln County,US_WA043,S1701_C01_013,White alone,RACE AND HISPANIC OR LATINO ORIGIN!!White alone,KN.M2,"Total, Estimate",Number,units,Number,,,,9628,9610,9635,9681,9783,9920,9916
0500000US53043,Lincoln County,US_WA043,S1701_C01_014,Black or African American alone,RACE AND HISPANIC OR LATINO ORIGIN!!Black or African American alone,KN.M2,"Total, Estimate",Number,units,Number,,,,24,32,50,64,73,49,66
0500000US53043,Lincoln County,US_WA043,S1701_C01_015,American Indian and Alaska Native alone,RACE AND HISPANIC OR LATINO ORIGIN!!American Indian and Alaska Native alone,KN.M2,"Total, Estimate",Number,units,Number,,,,86,115,134,128,146,184,168
0500000US53043,Lincoln County,US_WA043,S1701_C01_016,Asian alone,RACE AND HISPANIC OR LATINO ORIGIN!!Asian alone,KN.M2,"Total, Estimate",Number,units,Number,,,,69,59,65,72,52,55,69
0500000US53043,Lincoln County,US_WA043,S1701_C01_017,Native Hawaiian and Other Pacific Islander alone,RACE AND HISPANIC OR LATINO ORIGIN!!Native Hawaiian and Other Pacific Islander alone,KN.M2,"Total, Estimate",Number,units,Number,,,,22,13,36,32,27,29,51
0500000US53043,Lincoln County,US_WA043,S1701_C01_020,Hispanic or Latino origin (of any race),Hispanic or Latino origin (of any race),KN.M2,"Total, Estimate",Number,units,Number,244,252,274,283,292,313,330,347,367,396
0500000US53045,Mason County,US_WA045,S1701_C01_013,White alone,RACE AND HISPANIC OR LATINO ORIGIN!!White alone,KN.M2,"Total, Estimate",Number,units,Number,,,,50321,50457,50865,51414,52406,53025,51971
0500000US53045,Mason County,US_WA045,S1701_C01_014,Black or African American alone,RACE AND HISPANIC OR LATINO ORIGIN!!Black or African American alone,KN.M2,"Total, Estimate",Number,units,Number,,,,874,1043,854,938,702,432,367
0500000US53045,Mason County,US_WA045,S1701_C01_015,American Indian and Alaska Native alone,RACE AND HISPANIC OR LATINO ORIGIN!!American Indian and Alaska Native alone,KN.M2,"Total, Estimate",Number,units,Number,,,,1845,2002,1845,1654,1500,1296,1077
0500000US53045,Mason County,US_WA045,S1701_C01_016,Asian alone,RACE AND HISPANIC OR LATINO ORIGIN!!Asian alone,KN.M2,"Total, Estimate",Number,units,Number,,,,935,881,902,842,701,644,572
0500000US53045,Mason County,US_WA045,S1701_C01_017,Native Hawaiian and Other Pacific Islander alone,RACE AND HISPANIC OR LATINO ORIGIN!!Native Hawaiian and Other Pacific Islander alone,KN.M2,"Total, Estimate",Number,units,Number,,,,125,136,169,286,277,392,289
0500000US53045,Mason County,US_WA045,S1701_C01_020,Hispanic or Latino origin (of any race),Hispanic or Latino origin (of any race),KN.M2,"Total, Estimate",Number,units,Number,4545,4702,4897,5155,5318,5542,5909,6222,6582,6849
0500000US53047,Okanogan County,US_WA047,S1701_C01_013,White alone,RACE AND HISPANIC OR LATINO ORIGIN!!White alone,KN.M2,"Total, Estimate",Number,units,Number,,,,30615,30443,30090,29941,29875,29673,28748
0500000US53047,Okanogan County,US_WA047,S1701_C01_014,Black or African American alone,RACE AND HISPANIC OR LATINO ORIGIN!!Black or African American alone,KN.M2,"Total, Estimate",Number,units,Number,,,,226,230,185,193,170,52,92
0500000US53047,Okanogan County,US_WA047,S1701_C01_015,American Indian and Alaska Native alone,RACE AND HISPANIC OR LATINO ORIGIN!!American Indian and Alaska Native alone,KN.M2,"Total, Estimate",Number,units,Number,,,,3900,3959,3952,3986,3920,4131,4012
0500000US53047,Okanogan County,US_WA047,S1701_C01_016,Asian alone,RACE AND HISPANIC OR LATINO ORIGIN!!Asian alone,KN.M2,"Total, Estimate",Number,units,Number,,,,355,358,376,362,358,249,223
0500000US53047,Okanogan County,US_WA047,S1701_C01_017,Native Hawaiian and Other Pacific Islander alone,RACE AND HISPANIC OR LATINO ORIGIN!!Native Hawaiian and Other Pacific Islander alone,KN.M2,"Total, Estimate",Number,units,Number,,,,76,81,72,45,105,42,45
0500000US53047,Okanogan County,US_WA047,S1701_C01_020,Hispanic or Latino origin (of any race),Hispanic or Latino origin (of any race),KN.M2,"Total, Estimate",Number,units,Number,7123,7352,7517,7686,7777,7926,8141,8331,8534,8673
0500000US53049,Pacific County,US_WA049,S1701_C01_013,White alone,RACE AND HISPANIC OR LATINO ORIGIN!!White alone,KN.M2,"Total, Estimate",Number,units,Number,,,,18286,18380,18737,18625,18713,18450,18987
0500000US53049,Pacific County,US_WA049,S1701_C01_014,Black or African American alone,RACE AND HISPANIC OR LATINO ORIGIN!!Black or African American alone,KN.M2,"Total, Estimate",Number,units,Number,,,,44,30,30,31,36,84,86
0500000US53049,Pacific County,US_WA049,S1701_C01_015,American Indian and Alaska Native alone,RACE AND HISPANIC OR LATINO ORIGIN!!American Indian and Alaska Native alone,KN.M2,"Total, Estimate",Number,units,Number,,,,330,377,322,302,518,651,491
0500000US53049,Pacific County,US_WA049,S1701_C01_016,Asian alone,RACE AND HISPANIC OR LATINO ORIGIN!!Asian alone,KN.M2,"Total, Estimate",Number,units,Number,,,,390,367,366,387,365,405,395
0500000US53049,Pacific County,US_WA049,S1701_C01_017,Native Hawaiian and Other Pacific Islander alone,RACE AND HISPANIC OR LATINO ORIGIN!!Native Hawaiian and Other Pacific Islander alone,KN.M2,"Total, Estimate",Number,units,Number,,,,40,44,58,125,85,75,32
0500000US53049,Pacific County,US_WA049,S1701_C01_020,Hispanic or Latino origin (of any race),Hispanic or Latino origin (of any race),KN.M2,"Total, Estimate",Number,units,Number,1658,1683,1703,1763,1818,1893,1976,2064,2088,2192
0500000US53051,Pend Oreille County,US_WA051,S1701_C01_013,White alone,RACE AND HISPANIC OR LATINO ORIGIN!!White alone,KN.M2,"Total, Estimate",Number,units,Number,,,,11771,11835,11672,11754,11864,11800,11431
0500000US53051,Pend Oreille County,US_WA051,S1701_C01_014,Black or African American alone,RACE AND HISPANIC OR LATINO ORIGIN!!Black or African American alone,KN.M2,"Total, Estimate",Number,units,Number,,,,20,25,25,25,38,22,33
0500000US53051,Pend Oreille County,US_WA051,S1701_C01_015,American Indian and Alaska Native alone,RACE AND HISPANIC OR LATINO ORIGIN!!American Indian and Alaska Native alone,KN.M2,"Total, Estimate",Number,units,Number,,,,507,473,488,495,521,434,376
0500000US53051,Pend Oreille County,US_WA051,S1701_C01_016,Asian alone,RACE AND HISPANIC OR LATINO ORIGIN!!Asian alone,KN.M2,"Total, Estimate",Number,units,Number,,,,27,79,92,136,130,118,59
0500000US53051,Pend Oreille County,US_WA051,S1701_C01_017,Native Hawaiian and Other Pacific Islander alone,RACE AND HISPANIC OR LATINO ORIGIN!!Native Hawaiian and Other Pacific Islander alone,KN.M2,"Total, Estimate",Number,units,Number,,,,33,40,30,35,3,3,44
0500000US53051,Pend Oreille County,US_WA051,S1701_C01_020,Hispanic or Latino origin (of any race),Hispanic or Latino origin (of any race),KN.M2,"Total, Estimate",Number,units,Number,396,413,437,452,451,463,480,509,532,564
0500000US53053,Pierce County,US_WA053,S1701_C01_013,White alone,RACE AND HISPANIC OR LATINO ORIGIN!!White alone,KN.M2,"Total, Estimate",Number,units,Number,,,,602020,607909,612720,620625,628350,626094,623195
0500000US53053,Pierce County,US_WA053,S1701_C01_014,Black or African American alone,RACE AND HISPANIC OR LATINO ORIGIN!!Black or African American alone,KN.M2,"Total, Estimate",Number,units,Number,,,,53436,53988,54842,55792,57363,59486,61275
0500000US53053,Pierce County,US_WA053,S1701_C01_015,American Indian and Alaska Native alone,RACE AND HISPANIC OR LATINO ORIGIN!!American Indian and Alaska Native alone,KN.M2,"Total, Estimate",Number,units,Number,,,,9247,9802,9960,10534,10833,9567,10445
0500000US53053,Pierce County,US_WA053,S1701_C01_016,Asian alone,RACE AND HISPANIC OR LATINO ORIGIN!!Asian alone,KN.M2,"Total, Estimate",Number,units,Number,,,,48824,48842,50634,52502,54332,56289,58028
0500000US53053,Pierce County,US_WA053,S1701_C01_017,Native Hawaiian and Other Pacific Islander alone,RACE AND HISPANIC OR LATINO ORIGIN!!Native Hawaiian and Other Pacific Islander alone,KN.M2,"Total, Estimate",Number,units,Number,,,,11143,11210,12000,12232,12583,13095,13524
0500000US53053,Pierce County,US_WA053,S1701_C01_020,Hispanic or Latino origin (of any race),Hispanic or Latino origin (of any race),KN.M2,"Total, Estimate",Number,units,Number,70710,73785,76786,80005,82167,85670,89470,93117,98198,103105
0500000US53055,San Juan County,US_WA055,S1701_C01_013,White alone,RACE AND HISPANIC OR LATINO ORIGIN!!White alone,KN.M2,"Total, Estimate",Number,units,Number,,,,14592,14650,14855,14950,15294,15253,15812
0500000US53055,San Juan County,US_WA055,S1701_C01_014,Black or African American alone,RACE AND HISPANIC OR LATINO ORIGIN!!Black or African American alone,KN.M2,"Total, Estimate",Number,units,Number,,,,104,110,93,131,134,141,150
0500000US53055,San Juan County,US_WA055,S1701_C01_015,American Indian and Alaska Native alone,RACE AND HISPANIC OR LATINO ORIGIN!!American Indian and Alaska Native alone,KN.M2,"Total, Estimate",Number,units,Number,,,,135,145,141,144,161,149,127
0500000US53055,San Juan County,US_WA055,S1701_C01_016,Asian alone,RACE AND HISPANIC OR LATINO ORIGIN!!Asian alone,KN.M2,"Total, Estimate",Number,units,Number,,,,220,221,212,220,208,231,205
0500000US53055,San Juan County,US_WA055,S1701_C01_017,Native Hawaiian and Other Pacific Islander alone,RACE AND HISPANIC OR LATINO ORIGIN!!Native Hawaiian and Other Pacific Islander alone,KN.M2,"Total, Estimate",Number,units,Number,,,,23,32,25,38,39,14,15
0500000US53055,San Juan County,US_WA055,S1701_C01_020,Hispanic or Latino origin (of any race),Hispanic or Latino origin (of any race),KN.M2,"Total, Estimate",Number,units,Number,842,878,892,921,926,971,1024,1079,1084,1154
0500000US53057,Skagit County,US_WA057,S1701_C01_013,White alone,RACE AND HISPANIC OR LATINO ORIGIN!!White alone,KN.M2,"Total, Estimate",Number,units,Number,,,,100653,100398,99785,100478,101794,102356,100703
0500000US53057,Skagit County,US_WA057,S1701_C01_014,Black or African American alone,RACE AND HISPANIC OR LATINO ORIGIN!!Black or African American alone,KN.M2,"Total, Estimate",Number,units,Number,,,,915,905,978,925,1035,953,849
0500000US53057,Skagit County,US_WA057,S1701_C01_015,American Indian and Alaska Native alone,RACE AND HISPANIC OR LATINO ORIGIN!!American Indian and Alaska Native alone,KN.M2,"Total, Estimate",Number,units,Number,,,,1680,1927,1983,2170,2321,2394,2274
0500000US53057,Skagit County,US_WA057,S1701_C01_016,Asian alone,RACE AND HISPANIC OR LATINO ORIGIN!!Asian alone,KN.M2,"Total, Estimate",Number,units,Number,,,,2182,2279,2050,2404,2337,2207,2418
0500000US53057,Skagit County,US_WA057,S1701_C01_017,Native Hawaiian and Other Pacific Islander alone,RACE AND HISPANIC OR LATINO ORIGIN!!Native Hawaiian and Other Pacific Islander alone,KN.M2,"Total, Estimate",Number,units,Number,,,,614,330,389,265,229,194,252
0500000US53057,Skagit County,US_WA057,S1701_C01_020,Hispanic or Latino origin (of any race),Hispanic or Latino origin (of any race),KN.M2,"Total, Estimate",Number,units,Number,19324,19724,20129,20536,20881,21496,22531,22721,23321,23876
0500000US53059,Skamania County,US_WA059,S1701_C01_013,White alone,RACE AND HISPANIC OR LATINO ORIGIN!!White alone,KN.M2,"Total, Estimate",Number,units,Number,,,,10471,10481,10605,10734,10845,10956,10866
0500000US53059,Skamania County,US_WA059,S1701_C01_014,Black or African American alone,RACE AND HISPANIC OR LATINO ORIGIN!!Black or African American alone,KN.M2,"Total, Estimate",Number,units,Number,,,,95,64,59,56,4,5,6
0500000US53059,Skamania County,US_WA059,S1701_C01_015,American Indian and Alaska Native alone,RACE AND HISPANIC OR LATINO ORIGIN!!American Indian and Alaska Native alone,KN.M2,"Total, Estimate",Number,units,Number,,,,229,256,276,244,211,214,207
0500000US53059,Skamania County,US_WA059,S1701_C01_016,Asian alone,RACE AND HISPANIC OR LATINO ORIGIN!!Asian alone,KN.M2,"Total, Estimate",Number,units,Number,,,,110,106,132,129,131,158,133
0500000US53059,Skamania County,US_WA059,S1701_C01_017,Native Hawaiian and Other Pacific Islander alone,RACE AND HISPANIC OR LATINO ORIGIN!!Native Hawaiian and Other Pacific Islander alone,KN.M2,"Total, Estimate",Number,units,Number,,,,32,2,0,12,14,30,18
0500000US53059,Skamania County,US_WA059,S1701_C01_020,Hispanic or Latino origin (of any race),Hispanic or Latino origin (of any race),KN.M2,"Total, Estimate",Number,units,Number,564,587,602,633,668,679,712,738,778,808
0500000US53061,Snohomish County,US_WA061,S1701_C01_013,White alone,RACE AND HISPANIC OR LATINO ORIGIN!!White alone,KN.M2,"Total, Estimate",Number,units,Number,,,,581081,584547,588464,592814,593911,585227,575337
0500000US53061,Snohomish County,US_WA061,S1701_C01_014,Black or African American alone,RACE AND HISPANIC OR LATINO ORIGIN!!Black or African American alone,KN.M2,"Total, Estimate",Number,units,Number,,,,18464,19628,20455,21789,23341,25598,26502
0500000US53061,Snohomish County,US_WA061,S1701_C01_015,American Indian and Alaska Native alone,RACE AND HISPANIC OR LATINO ORIGIN!!American Indian and Alaska Native alone,KN.M2,"Total, Estimate",Number,units,Number,,,,7229,7131,6978,6602,6990,7539,6688
0500000US53061,Snohomish County,US_WA061,S1701_C01_016,Asian alone,RACE AND HISPANIC OR LATINO ORIGIN!!Asian alone,KN.M2,"Total, Estimate",Number,units,Number,,,,70487,72850,76648,81138,85529,91692,95215
0500000US53061,Snohomish County,US_WA061,S1701_C01_017,Native Hawaiian and Other Pacific Islander alone,RACE AND HISPANIC OR LATINO ORIGIN!!Native Hawaiian and Other Pacific Islander alone,KN.M2,"Total, Estimate",Number,units,Number,,,,3338,3596,3892,4172,4141,3864,3348
0500000US53061,Snohomish County,US_WA061,S1701_C01_020,Hispanic or Latino origin (of any race),Hispanic or Latino origin (of any race),KN.M2,"Total, Estimate",Number,units,Number,62182,64909,67274,69528,71448,74579,77680,80238,84099,87201
0500000US53063,Spokane County,US_WA063,S1701_C01_013,White alone,RACE AND HISPANIC OR LATINO ORIGIN!!White alone,KN.M2,"Total, Estimate",Number,units,Number,,,,416039,419714,423299,427783,432894,435042,445065
0500000US53063,Spokane County,US_WA063,S1701_C01_014,Black or African American alone,RACE AND HISPANIC OR LATINO ORIGIN!!Black or African American alone,KN.M2,"Total, Estimate",Number,units,Number,,,,7974,7958,7548,7280,7769,8542,8966
0500000US53063,Spokane County,US_WA063,S1701_C01_015,American Indian and Alaska Native alone,RACE AND HISPANIC OR LATINO ORIGIN!!American Indian and Alaska Native alone,KN.M2,"Total, Estimate",Number,units,Number,,,,6355,6124,6377,6838,6290,5879,5679
0500000US53063,Spokane County,US_WA063,S1701_C01_016,Asian alone,RACE AND HISPANIC OR LATINO ORIGIN!!Asian alone,KN.M2,"Total, Estimate",Number,units,Number,,,,10684,10798,10522,10619,10946,10955,11199
0500000US53063,Spokane County,US_WA063,S1701_C01_017,Native Hawaiian and Other Pacific Islander alone,RACE AND HISPANIC OR LATINO ORIGIN!!Native Hawaiian and Other Pacific Islander alone,KN.M2,"Total, Estimate",Number,units,Number,,,,1925,2142,2359,2449,2735,3004,3171
0500000US53063,Spokane County,US_WA063,S1701_C01_020,Hispanic or Latino origin (of any race),Hispanic or Latino origin (of any race),KN.M2,"Total, Estimate",Number,units,Number,20382,21309,22238,23020,23851,24995,26192,27416,29175,31363
0500000US53077,Yakima County,US_WA077,S1701_C01_013,White alone,RACE AND HISPANIC OR LATINO ORIGIN!!White alone,KN.M2,"Total, Estimate",Number,units,Number,,,,190038,191427,190920,192159,190283,177792,164155
0500000US53077,Yakima County,US_WA077,S1701_C01_014,Black or African American alone,RACE AND HISPANIC OR LATINO ORIGIN!!Black or African American alone,KN.M2,"Total, Estimate",Number,units,Number,,,,1994,2341,2299,2543,2814,2477,2380
0500000US53077,Yakima County,US_WA077,S1701_C01_015,American Indian and Alaska Native alone,RACE AND HISPANIC OR LATINO ORIGIN!!American Indian and Alaska Native alone,KN.M2,"Total, Estimate",Number,units,Number,,,,9247,9656,9771,10132,9645,8541,8132
0500000US53077,Yakima County,US_WA077,S1701_C01_016,Asian alone,RACE AND HISPANIC OR LATINO ORIGIN!!Asian alone,KN.M2,"Total, Estimate",Number,units,Number,,,,2530,2567,2444,2226,2400,2282,2440
0500000US53077,Yakima County,US_WA077,S1701_C01_017,Native Hawaiian and Other Pacific Islander alone,RACE AND HISPANIC OR LATINO ORIGIN!!Native Hawaiian and Other Pacific Islander alone,KN.M2,"Total, Estimate",Number,units,Number,,,,140,165,164,164,278,1141,1121
0500000US53077,Yakima County,US_WA077,S1701_C01_020,Hispanic or Latino origin (of any race),Hispanic or Latino origin (of any race),KN.M2,"Total, Estimate",Number,units,Number,107632,110701,113254,115178,116489,118486,120385,121512,123418,127649
0500000US53075,Whitman County,US_WA075,S1701_C01_013,White alone,RACE AND HISPANIC OR LATINO ORIGIN!!White alone,KN.M2,"Total, Estimate",Number,units,Number,,,,34111,34399,34219,34872,35432,34830,33368
0500000US53075,Whitman County,US_WA075,S1701_C01_014,Black or African American alone,RACE AND HISPANIC OR LATINO ORIGIN!!Black or African American alone,KN.M2,"Total, Estimate",Number,units,Number,,,,705,711,743,863,837,742,771
0500000US53075,Whitman County,US_WA075,S1701_C01_015,American Indian and Alaska Native alone,RACE AND HISPANIC OR LATINO ORIGIN!!American Indian and Alaska Native alone,KN.M2,"Total, Estimate",Number,units,Number,,,,269,230,297,232,170,175,234
0500000US53075,Whitman County,US_WA075,S1701_C01_016,Asian alone,RACE AND HISPANIC OR LATINO ORIGIN!!Asian alone,KN.M2,"Total, Estimate",Number,units,Number,,,,3222,3348,3331,3555,3565,3490,3349
0500000US53075,Whitman County,US_WA075,S1701_C01_017,Native Hawaiian and Other Pacific Islander alone,RACE AND HISPANIC OR LATINO ORIGIN!!Native Hawaiian and Other Pacific Islander alone,KN.M2,"Total, Estimate",Number,units,Number,,,,105,34,64,91,81,58,52
0500000US53075,Whitman County,US_WA075,S1701_C01_020,Hispanic or Latino origin (of any race),Hispanic or Latino origin (of any race),KN.M2,"Total, Estimate",Number,units,Number,1651,1681,1895,1764,1736,1896,1865,2049,2224,2242
0500000US53073,Whatcom County,US_WA073,S1701_C01_013,White alone,RACE AND HISPANIC OR LATINO ORIGIN!!White alone,KN.M2,"Total, Estimate",Number,units,Number,,,,172194,172571,174427,177580,179664,179552,178285
0500000US53073,Whatcom County,US_WA073,S1701_C01_014,Black or African American alone,RACE AND HISPANIC OR LATINO ORIGIN!!Black or African American alone,KN.M2,"Total, Estimate",Number,units,Number,,,,1749,1957,1998,2094,2102,2097,1994
0500000US53073,Whatcom County,US_WA073,S1701_C01_015,American Indian and Alaska Native alone,RACE AND HISPANIC OR LATINO ORIGIN!!American Indian and Alaska Native alone,KN.M2,"Total, Estimate",Number,units,Number,,,,5766,6277,6446,6343,6217,5570,5194
0500000US53073,Whatcom County,US_WA073,S1701_C01_016,Asian alone,RACE AND HISPANIC OR LATINO ORIGIN!!Asian alone,KN.M2,"Total, Estimate",Number,units,Number,,,,7988,8264,8510,8852,8955,8852,9275
0500000US53073,Whatcom County,US_WA073,S1701_C01_017,Native Hawaiian and Other Pacific Islander alone,RACE AND HISPANIC OR LATINO ORIGIN!!Native Hawaiian and Other Pacific Islander alone,KN.M2,"Total, Estimate",Number,units,Number,,,,631,596,587,599,649,552,574
0500000US53073,Whatcom County,US_WA073,S1701_C01_020,Hispanic or Latino origin (of any race),Hispanic or Latino origin (of any race),KN.M2,"Total, Estimate",Number,units,Number,15599,16278,16938,17649,18154,18809,19554,20368,21267,21714
0500000US53071,Walla Walla County,US_WA071,S1701_C01_013,White alone,RACE AND HISPANIC OR LATINO ORIGIN!!White alone,KN.M2,"Total, Estimate",Number,units,Number,,,,47952,47451,47515,47532,47381,46806,46955
0500000US53071,Walla Walla County,US_WA071,S1701_C01_014,Black or African American alone,RACE AND HISPANIC OR LATINO ORIGIN!!Black or African American alone,KN.M2,"Total, Estimate",Number,units,Number,,,,322,317,324,539,602,592,638
0500000US53071,Walla Walla County,US_WA071,S1701_C01_015,American Indian and Alaska Native alone,RACE AND HISPANIC OR LATINO ORIGIN!!American Indian and Alaska Native alone,KN.M2,"Total, Estimate",Number,units,Number,,,,435,466,505,396,352,332,755
0500000US53071,Walla Walla County,US_WA071,S1701_C01_016,Asian alone,RACE AND HISPANIC OR LATINO ORIGIN!!Asian alone,KN.M2,"Total, Estimate",Number,units,Number,,,,772,808,711,744,683,841,720
0500000US53071,Walla Walla County,US_WA071,S1701_C01_017,Native Hawaiian and Other Pacific Islander alone,RACE AND HISPANIC OR LATINO ORIGIN!!Native Hawaiian and Other Pacific Islander alone,KN.M2,"Total, Estimate",Number,units,Number,,,,76,88,12,56,47,27,34
0500000US53071,Walla Walla County,US_WA071,S1701_C01_020,Hispanic or Latino origin (of any race),Hispanic or Latino origin (of any race),KN.M2,"Total, Estimate",Number,units,Number,10650,10966,11241,11552,11695,11793,11835,11944,12206,12699
0500000US53065,Stevens County,US_WA065,S1701_C01_013,White alone,RACE AND HISPANIC OR LATINO ORIGIN!!White alone,KN.M2,"Total, Estimate",Number,units,Number,,,,38453,38513,38661,38903,39408,40008,40324
0500000US53065,Stevens County,US_WA065,S1701_C01_014,Black or African American alone,RACE AND HISPANIC OR LATINO ORIGIN!!Black or African American alone,KN.M2,"Total, Estimate",Number,units,Number,,,,212,199,199,204,191,193,163
0500000US53065,Stevens County,US_WA065,S1701_C01_015,American Indian and Alaska Native alone,RACE AND HISPANIC OR LATINO ORIGIN!!American Indian and Alaska Native alone,KN.M2,"Total, Estimate",Number,units,Number,,,,2168,1987,1982,2133,2150,2014,2180
0500000US53065,Stevens County,US_WA065,S1701_C01_016,Asian alone,RACE AND HISPANIC OR LATINO ORIGIN!!Asian alone,KN.M2,"Total, Estimate",Number,units,Number,,,,262,309,302,284,285,332,295
0500000US53065,Stevens County,US_WA065,S1701_C01_017,Native Hawaiian and Other Pacific Islander alone,RACE AND HISPANIC OR LATINO ORIGIN!!Native Hawaiian and Other Pacific Islander alone,KN.M2,"Total, Estimate",Number,units,Number,,,,0,15,18,22,55,90,80
0500000US53065,Stevens County,US_WA065,S1701_C01_020,Hispanic or Latino origin (of any race),Hispanic or Latino origin (of any race),KN.M2,"Total, Estimate",Number,units,Number,1097,1162,1251,1288,1348,1523,1581,1623,1683,1778
0500000US53067,Thurston County,US_WA067,S1701_C01_013,White alone,RACE AND HISPANIC OR LATINO ORIGIN!!White alone,KN.M2,"Total, Estimate",Number,units,Number,,,,214062,216798,218573,221881,225501,223987,223260
0500000US53067,Thurston County,US_WA067,S1701_C01_014,Black or African American alone,RACE AND HISPANIC OR LATINO ORIGIN!!Black or African American alone,KN.M2,"Total, Estimate",Number,units,Number,,,,7266,7669,7708,8076,8455,8152,8242
0500000US53067,Thurston County,US_WA067,S1701_C01_015,American Indian and Alaska Native alone,RACE AND HISPANIC OR LATINO ORIGIN!!American Indian and Alaska Native alone,KN.M2,"Total, Estimate",Number,units,Number,,,,3812,3902,3878,3797,3655,3262,3145
0500000US53067,Thurston County,US_WA067,S1701_C01_016,Asian alone,RACE AND HISPANIC OR LATINO ORIGIN!!Asian alone,KN.M2,"Total, Estimate",Number,units,Number,,,,15205,15064,15216,15606,15658,16244,16590
0500000US53067,Thurston County,US_WA067,S1701_C01_017,Native Hawaiian and Other Pacific Islander alone,RACE AND HISPANIC OR LATINO ORIGIN!!Native Hawaiian and Other Pacific Islander alone,KN.M2,"Total, Estimate",Number,units,Number,,,,2342,2278,2211,2337,2220,2526,2665
0500000US53067,Thurston County,US_WA067,S1701_C01_020,Hispanic or Latino origin (of any race),Hispanic or Latino origin (of any race),KN.M2,"Total, Estimate",Number,units,Number,17698,18806,19880,20917,21512,22664,23696,24736,26154,27590
0500000US53069,Wahkiakum County,US_WA069,S1701_C01_013,White alone,RACE AND HISPANIC OR LATINO ORIGIN!!White alone,KN.M2,"Total, Estimate",Number,units,Number,,,,3681,3702,3741,3812,3836,3779,3732
0500000US53069,Wahkiakum County,US_WA069,S1701_C01_014,Black or African American alone,RACE AND HISPANIC OR LATINO ORIGIN!!Black or African American alone,KN.M2,"Total, Estimate",Number,units,Number,,,,0,0,0,44,48,49,53
0500000US53069,Wahkiakum County,US_WA069,S1701_C01_015,American Indian and Alaska Native alone,RACE AND HISPANIC OR LATINO ORIGIN!!American Indian and Alaska Native alone,KN.M2,"Total, Estimate",Number,units,Number,,,,64,96,79,51,31,38,11
0500000US53069,Wahkiakum County,US_WA069,S1701_C01_016,Asian alone,RACE AND HISPANIC OR LATINO ORIGIN!!Asian alone,KN.M2,"Total, Estimate",Number,units,Number,,,,46,78,70,65,79,72,70
0500000US53069,Wahkiakum County,US_WA069,S1701_C01_017,Native Hawaiian and Other Pacific Islander alone,RACE AND HISPANIC OR LATINO ORIGIN!!Native Hawaiian and Other Pacific Islander alone,KN.M2,"Total, Estimate",Number,units,Number,,,,0,0,0,0,0,0,0
0500000US53069,Wahkiakum County,US_WA069,S1701_C01_020,Hispanic or Latino origin (of any race),Hispanic or Latino origin (of any race),KN.M2,"Total, Estimate",Number,units,Number,145,142,110,171,182,235,261,290,324,346
,,,,,,,,,,,,,,,,,,,,
Source:,U.S. Census Bureau,,,,,,,,,,,,,,,,,,,
Download URL:,https://public.knoema.com/bgbeymf/income-and-poverty-estimates-for-u-s-states-and-counties,,,,,,,,,,,,,,,,,,,
,,,,,,,,,,,,,,,,,,,,
